Workbook

Sheet CE binary optim
A1: 2 | B1: Test set | C1: Type | D1: 2kbps bitrate | E1: 2kbps psnr | F1: 8kbps bitrate | G1: 8kbps psnr | H1: 16kbps bitrate | I1: 16kbps psnr | J1: 64kbps bitrate | K1: 64kbps psnr
A2: boing | B2: Test1_1 | C2: AHAP | D2: 3.862069 | E2: 20.342129 | F2: 3.862069 | G2: 20.342129 | H2: 3.862069 | I2: 20.342129 | J2: 3.862069 | K2: 20.342129
A3: DoubleTick | B3: Test1_1 | C3: IVS | D3: 2.690583 | E3: 36.982311 | F3: 2.690583 | G3: 36.982311 | H3: 2.690583 | I3: 36.982311 | J3: 2.690583 | K3: 36.982311
A4: Explosion1 | B4: Test1_1 | C4: IVS | D4: 3.463138 | E4: 17.043115 | F4: 3.463138 | G4: 17.043115 | H4: 3.463138 | I4: 17.043115 | J4: 3.463138 | K4: 17.043115
A5: FastPulse1 | B5: Test1_1 | C5: IVS | D5: 18.933333 | E5: 33.934921 | F5: 18.933333 | G5: 33.934921 | H5: 18.933333 | I5: 33.934921 | J5: 18.933333 | K5: 33.934921
A6: Fill1 | B6: Test1_1 | C6: IVS | D6: 3.202329 | E6: 35.154414 | F6: 3.202329 | G6: 35.154414 | H6: 3.202329 | I6: 35.154414 | J6: 3.202329 | K6: 35.154414
A7: Grain1 | B7: Test1_1 | C7: IVS | D7: 1.0549451 | E7: 47.138258 | F7: 1.0549451 | G7: 47.138258 | H7: 1.0549451 | I7: 47.138258 | J7: 1.0549451 | K7: 47.138258
A8: Sweep1 | B8: Test1_1 | C8: IVS | D8: 2.1386139 | E8: 29.936239 | F8: 2.1386139 | G8: 29.936239 | H8: 2.1386139 | I8: 29.936239 | J8: 2.1386139 | K8: 29.936239
A9: Tick1 | B9: Test1_1 | C9: IVS | D9: 131 | E9: 28.797349 | F9: 131 | G9: 28.797349 | H9: 131 | I9: 28.797349 | J9: 131 | K9: 28.797349
A10: ACTK-vib-pantheongrandstarfall | B10: Test1_2 | C10: WAV | D10: 3.7448085 | E10: 26.190354 | F10: 6.8542452 | G10: 36.031695 | H10: 11.669815 | I10: 43.017792 | J10: 44.511454 | K10: 53.021656
A11: heartbeats | B11: Test1_2 | C11: AHAP | D11: 0.59420132 | E11: 30.597262 | F11: 0.59420132 | G11: 30.597262 | H11: 0.59420132 | I11: 30.597262 | J11: 0.59420132 | K11: 30.597262
A12: inflate | B12: Test1_2 | C12: AHAP | D12: 0.63536232 | E12: 20.825967 | F12: 0.63536232 | G12: 20.825967 | H12: 0.63536232 | I12: 20.825967 | J12: 0.63536232 | K12: 20.825967
A13: oscillate | B13: Test1_2 | C13: AHAP | D13: 0.44165289 | E13: 19.882053 | F13: 0.44165289 | G13: 19.882053 | H13: 0.44165289 | I13: 19.882053 | J13: 0.44165289 | K13: 19.882053
... A31: Rollercoaster | B31: Test1_3 | C31: WAV | D31: 1.2448 | E31: 40.344786 | F31: 2.0533333 | G31: 52.473937 | H31: 3.9973333 | I31: 52.889075 | J31: 13.194667 | K31: 53.014551

Sheet RM2 binary + CEs + bug fixes
A1: File | B1: Test set | C1: Type | D1: 2kbps bitrate | E1: 2kbps psnr | F1: 8kbps bitrate | G1: 8kbps psnr | H1: 16kbps bitrate | I1: 16kbps psnr | J1: 64kbps bitrate | K1: 64kbps psnr
A2: boing | B2: Test1_1 | C2: AHAP | D2: 3.862069 | E2: 20.342129 | F2: 3.862069 | G2: 20.342129 | H2: 3.862069 | I2: 20.342129 | J2: 3.862069 | K2: 20.342129
A3: DoubleTick | B3: Test1_1 | C3: IVS | D3: 2.690583 | E3: 36.982311 | F3: 2.690583 | G3: 36.982311 | H3: 2.690583 | I3: 36.982311 | J3: 2.690583 | K3: 36.982311
A4: Explosion1 | B4: Test1_1 | C4: IVS | D4: 3.463138 | E4: 17.043115 | F4: 3.463138 | G4: 17.043115 | H4: 3.463138 | I4: 17.043115 | J4: 3.463138 | K4: 17.043115
A5: FastPulse1 | B5: Test1_1 | C5: IVS | D5: 18.933333 | E5: 33.934921 | F5: 18.933333 | G5: 33.934921 | H5: 18.933333 | I5: 33.934921 | J5: 18.933333 | K5: 33.934921
A6: Fill1 | B6: Test1_1 | C6: IVS | D6: 3.202329 | E6: 35.154414 | F6: 3.202329 | G6: 35.154414 | H6: 3.202329 | I6: 35.154414 | J6: 3.202329 | K6: 35.154414
A7: Grain1 | B7: Test1_1 | C7: IVS | D7: 1.0549451 | E7: 47.138258 | F7: 1.0549451 | G7: 47.138258 | H7: 1.0549451 | I7: 47.138258 | J7: 1.0549451 | K7: 47.138258
A8: Sweep1 | B8: Test1_1 | C8: IVS | D8: 2.1386139 | E8: 29.936239 | F8: 2.1386139 | G8: 29.936239 | H8: 2.1386139 | I8: 29.936239 | J8: 2.1386139 | K8: 29.936239
A9: Tick1 | B9: Test1_1 | C9: IVS | D9: 131 | E9: 28.797349 | F9: 131 | G9: 28.797349 | H9: 131 | I9: 28.797349 | J9: 131 | K9: 28.797349
A10: ACTK-vib-pantheongrandstarfall | B10: Test1_2 | C10: WAV | D10: 3.7448085 | E10: 26.190354 | F10: 6.8542452 | G10: 36.031695 | H10: 11.669815 | I10: 43.017792 | J10: 44.511454 | K10: 53.021656
A11: heartbeats | B11: Test1_2 | C11: AHAP | D11: 0.59420132 | E11: 30.597262 | F11: 0.59420132 | G11: 30.597262 | H11: 0.59420132 | I11: 30.597262 | J11: 0.59420132 | K11: 30.597262
A12: inflate | B12: Test1_2 | C12: AHAP | D12: 0.63536232 | E12: 20.825967 | F12: 0.63536232 | G12: 20.825967 | H12: 0.63536232 | I12: 20.825967 | J12: 0.63536232 | K12: 20.825967
A13: oscillate | B13: Test1_2 | C13: AHAP | D13: 0.44165289 | E13: 19.882053 | F13: 0.44165289 | G13: 19.882053 | H13: 0.44165289 | I13: 19.882053 | J13: 0.44165289 | K13: 19.882053
... A31: Rollercoaster | B31: Test1_3 | C31: WAV | D31: 1.2448 | E31: 40.344786 | F31: 2.0533333 | G31: 52.473937 | H31: 3.9973333 | I31: 52.889075 | J31: 13.194667 | K31: 53.014551

Sheet Diff Binary
A1: File | B1: Test set | C1: Type | D1: 2kbps bitrate | E1: 2kbps psnr | F1: 8kbps bitrate | G1: 8kbps psnr | H1: 16kbps bitrate | I1: 16kbps psnr | J1: 64kbps bitrate | K1: 64kbps psnr
A2: boing | B2: Test1_1 | C2: AHAP | D2: ='RM2 binary + CEs + bug fixes'!D2-'CE binary optim'!D2 -> 0 | E2: ='RM2 binary + CEs + bug fixes'!E2-'CE binary optim'!E2 -> 0 | F2: ='RM2 binary + CEs + bug fixes'!F2-'CE binary optim'!F2 -> 0 | G2: ='RM2 binary + CEs + bug fixes'!G2-'CE binary optim'!G2 -> 0 | H2: ='RM2 binary + CEs + bug fixes'!H2-'CE binary optim'!H2 -> 0 | I2: ='RM2 binary + CEs + bug fixes'!I2-'CE binary optim'!I2 -> 0 | J2: ='RM2 binary + CEs + bug fixes'!J2-'CE binary optim'!J2 -> 0 | K2: ='RM2 binary + CEs + bug fixes'!K2-'CE binary optim'!K2 -> 0
A3: DoubleTick | B3: Test1_1 | C3: IVS | D3: ='RM2 binary + CEs + bug fixes'!D3-'CE binary optim'!D3 -> 0 | E3: ='RM2 binary + CEs + bug fixes'!E3-'CE binary optim'!E3 -> 0 | F3: ='RM2 binary + CEs + bug fixes'!F3-'CE binary optim'!F3 -> 0 | G3: ='RM2 binary + CEs + bug fixes'!G3-'CE binary optim'!G3 -> 0 | H3: ='RM2 binary + CEs + bug fixes'!H3-'CE binary optim'!H3 -> 0 | I3: ='RM2 binary + CEs + bug fixes'!I3-'CE binary optim'!I3 -> 0 | J3: ='RM2 binary + CEs + bug fixes'!J3-'CE binary optim'!J3 -> 0 | K3: ='RM2 binary + CEs + bug fixes'!K3-'CE binary optim'!K3 -> 0
A4: Explosion1 | B4: Test1_1 | C4: IVS | D4: ='RM2 binary + CEs + bug fixes'!D4-'CE binary optim'!D4 -> 0 | E4: ='RM2 binary + CEs + bug fixes'!E4-'CE binary optim'!E4 -> 0 | F4: ='RM2 binary + CEs + bug fixes'!F4-'CE binary optim'!F4 -> 0 | G4: ='RM2 binary + CEs + bug fixes'!G4-'CE binary optim'!G4 -> 0 | H4: ='RM2 binary + CEs + bug fixes'!H4-'CE binary optim'!H4 -> 0 | I4: ='RM2 binary + CEs + bug fixes'!I4-'CE binary optim'!I4 -> 0 | J4: ='RM2 binary + CEs + bug fixes'!J4-'CE binary optim'!J4 -> 0 | K4: ='RM2 binary + CEs + bug fixes'!K4-'CE binary optim'!K4 -> 0
A5: FastPulse1 | B5: Test1_1 | C5: IVS | D5: ='RM2 binary + CEs + bug fixes'!D5-'CE binary optim'!D5 -> 0 | E5: ='RM2 binary + CEs + bug fixes'!E5-'CE binary optim'!E5 -> 0 | F5: ='RM2 binary + CEs + bug fixes'!F5-'CE binary optim'!F5 -> 0 | G5: ='RM2 binary + CEs + bug fixes'!G5-'CE binary optim'!G5 -> 0 | H5: ='RM2 binary + CEs + bug fixes'!H5-'CE binary optim'!H5 -> 0 | I5: ='RM2 binary + CEs + bug fixes'!I5-'CE binary optim'!I5 -> 0 | J5: ='RM2 binary + CEs + bug fixes'!J5-'CE binary optim'!J5 -> 0 | K5: ='RM2 binary + CEs + bug fixes'!K5-'CE binary optim'!K5 -> 0
A6: Fill1 | B6: Test1_1 | C6: IVS | D6: ='RM2 binary + CEs + bug fixes'!D6-'CE binary optim'!D6 -> 0 | E6: ='RM2 binary + CEs + bug fixes'!E6-'CE binary optim'!E6 -> 0 | F6: ='RM2 binary + CEs + bug fixes'!F6-'CE binary optim'!F6 -> 0 | G6: ='RM2 binary + CEs + bug fixes'!G6-'CE binary optim'!G6 -> 0 | H6: ='RM2 binary + CEs + bug fixes'!H6-'CE binary optim'!H6 -> 0 | I6: ='RM2 binary + CEs + bug fixes'!I6-'CE binary optim'!I6 -> 0 | J6: ='RM2 binary + CEs + bug fixes'!J6-'CE binary optim'!J6 -> 0 | K6: ='RM2 binary + CEs + bug fixes'!K6-'CE binary optim'!K6 -> 0
A7: Grain1 | B7: Test1_1 | C7: IVS | D7: ='RM2 binary + CEs + bug fixes'!D7-'CE binary optim'!D7 -> 0 | E7: ='RM2 binary + CEs + bug fixes'!E7-'CE binary optim'!E7 -> 0 | F7: ='RM2 binary + CEs + bug fixes'!F7-'CE binary optim'!F7 -> 0 | G7: ='RM2 binary + CEs + bug fixes'!G7-'CE binary optim'!G7 -> 0 | H7: ='RM2 binary + CEs + bug fixes'!H7-'CE binary optim'!H7 -> 0 | I7: ='RM2 binary + CEs + bug fixes'!I7-'CE binary optim'!I7 -> 0 | J7: ='RM2 binary + CEs + bug fixes'!J7-'CE binary optim'!J7 -> 0 | K7: ='RM2 binary + CEs + bug fixes'!K7-'CE binary optim'!K7 -> 0
A8: Sweep1 | B8: Test1_1 | C8: IVS | D8: ='RM2 binary + CEs + bug fixes'!D8-'CE binary optim'!D8 -> 0 | E8: ='RM2 binary + CEs + bug fixes'!E8-'CE binary optim'!E8 -> 0 | F8: ='RM2 binary + CEs + bug fixes'!F8-'CE binary optim'!F8 -> 0 | G8: ='RM2 binary + CEs + bug fixes'!G8-'CE binary optim'!G8 -> 0 | H8: ='RM2 binary + CEs + bug fixes'!H8-'CE binary optim'!H8 -> 0 | I8: ='RM2 binary + CEs + bug fixes'!I8-'CE binary optim'!I8 -> 0 | J8: ='RM2 binary + CEs + bug fixes'!J8-'CE binary optim'!J8 -> 0 | K8: ='RM2 binary + CEs + bug fixes'!K8-'CE binary optim'!K8 -> 0
A9: Tick1 | B9: Test1_1 | C9: IVS | D9: ='RM2 binary + CEs + bug fixes'!D9-'CE binary optim'!D9 -> 0 | E9: ='RM2 binary + CEs + bug fixes'!E9-'CE binary optim'!E9 -> 0 | F9: ='RM2 binary + CEs + bug fixes'!F9-'CE binary optim'!F9 -> 0 | G9: ='RM2 binary + CEs + bug fixes'!G9-'CE binary optim'!G9 -> 0 | H9: ='RM2 binary + CEs + bug fixes'!H9-'CE binary optim'!H9 -> 0 | I9: ='RM2 binary + CEs + bug fixes'!I9-'CE binary optim'!I9 -> 0 | J9: ='RM2 binary + CEs + bug fixes'!J9-'CE binary optim'!J9 -> 0 | K9: ='RM2 binary + CEs + bug fixes'!K9-'CE binary optim'!K9 -> 0
A10: ACTK-vib-pantheongrandstarfall | B10: Test1_2 | C10: WAV | D10: ='RM2 binary + CEs + bug fixes'!D10-'CE binary optim'!D10 -> 0 | E10: ='RM2 binary + CEs + bug fixes'!E10-'CE binary optim'!E10 -> 0 | F10: ='RM2 binary + CEs + bug fixes'!F10-'CE binary optim'!F10 -> 0 | G10: ='RM2 binary + CEs + bug fixes'!G10-'CE binary optim'!G10 -> 0 | H10: ='RM2 binary + CEs + bug fixes'!H10-'CE binary optim'!H10 -> 0 | I10: ='RM2 binary + CEs + bug fixes'!I10-'CE binary optim'!I10 -> 0 | J10: ='RM2 binary + CEs + bug fixes'!J10-'CE binary optim'!J10 -> 0 | K10: ='RM2 binary + CEs + bug fixes'!K10-'CE binary optim'!K10 -> 0
A11: heartbeats | B11: Test1_2 | C11: AHAP | D11: ='RM2 binary + CEs + bug fixes'!D11-'CE binary optim'!D11 -> 0 | E11: ='RM2 binary + CEs + bug fixes'!E11-'CE binary optim'!E11 -> 0 | F11: ='RM2 binary + CEs + bug fixes'!F11-'CE binary optim'!F11 -> 0 | G11: ='RM2 binary + CEs + bug fixes'!G11-'CE binary optim'!G11 -> 0 | H11: ='RM2 binary + CEs + bug fixes'!H11-'CE binary optim'!H11 -> 0 | I11: ='RM2 binary + CEs + bug fixes'!I11-'CE binary optim'!I11 -> 0 | J11: ='RM2 binary + CEs + bug fixes'!J11-'CE binary optim'!J11 -> 0 | K11: ='RM2 binary + CEs + bug fixes'!K11-'CE binary optim'!K11 -> 0
A12: inflate | B12: Test1_2 | C12: AHAP | D12: ='RM2 binary + CEs + bug fixes'!D12-'CE binary optim'!D12 -> 0 | E12: ='RM2 binary + CEs + bug fixes'!E12-'CE binary optim'!E12 -> 0 | F12: ='RM2 binary + CEs + bug fixes'!F12-'CE binary optim'!F12 -> 0 | G12: ='RM2 binary + CEs + bug fixes'!G12-'CE binary optim'!G12 -> 0 | H12: ='RM2 binary + CEs + bug fixes'!H12-'CE binary optim'!H12 -> 0 | I12: ='RM2 binary + CEs + bug fixes'!I12-'CE binary optim'!I12 -> 0 | J12: ='RM2 binary + CEs + bug fixes'!J12-'CE binary optim'!J12 -> 0 | K12: ='RM2 binary + CEs + bug fixes'!K12-'CE binary optim'!K12 -> 0
A13: oscillate | B13: Test1_2 | C13: AHAP | D13: ='RM2 binary + CEs + bug fixes'!D13-'CE binary optim'!D13 -> 0 | E13: ='RM2 binary + CEs + bug fixes'!E13-'CE binary optim'!E13 -> 0 | F13: ='RM2 binary + CEs + bug fixes'!F13-'CE binary optim'!F13 -> 0 | G13: ='RM2 binary + CEs + bug fixes'!G13-'CE binary optim'!G13 -> 0 | H13: ='RM2 binary + CEs + bug fixes'!H13-'CE binary optim'!H13 -> 0 | I13: ='RM2 binary + CEs + bug fixes'!I13-'CE binary optim'!I13 -> 0 | J13: ='RM2 binary + CEs + bug fixes'!J13-'CE binary optim'!J13 -> 0 | K13: ='RM2 binary + CEs + bug fixes'!K13-'CE binary optim'!K13 -> 0
... A31: Rollercoaster | B31: Test1_3 | C31: WAV | D31: ='RM2 binary + CEs + bug fixes'!D31-'CE binary optim'!D31 -> 0 | E31: ='RM2 binary + CEs + bug fixes'!E31-'CE binary optim'!E31 -> 0 | F31: ='RM2 binary + CEs + bug fixes'!F31-'CE binary optim'!F31 -> 0 | G31: ='RM2 binary + CEs + bug fixes'!G31-'CE binary optim'!G31 -> 0 | H31: ='RM2 binary + CEs + bug fixes'!H31-'CE binary optim'!H31 -> 0 | I31: ='RM2 binary + CEs + bug fixes'!I31-'CE binary optim'!I31 -> 0 | J31: ='RM2 binary + CEs + bug fixes'!J31-'CE binary optim'!J31 -> 0 | K31: ='RM2 binary + CEs + bug fixes'!K31-'CE binary optim'!K31 -> 0

Sheet CE Streaming
A1: File | B1: Test set | C1: Type | D1: 2kbps bitrate | E1: 2kbps psnr | F1: 8kbps bitrate | G1: 8kbps psnr | H1: 16kbps bitrate | I1: 16kbps psnr | J1: 64kbps bitrate | K1: 64kbps psnr
A2: boing | B2: Test1_1 | C2: AHAP | D2: 7.2275862 | E2: 20.342129 | F2: 7.2275862 | G2: 20.342129 | H2: 7.2275862 | I2: 20.342129 | J2: 7.2275862 | K2: 20.342129
A3: DoubleTick | B3: Test1_1 | C3: IVS | D3: 4.4304933 | E3: 36.982311 | F3: 4.4304933 | G3: 36.982311 | H3: 4.4304933 | I3: 36.982311 | J3: 4.4304933 | K3: 36.982311
A4: Explosion1 | B4: Test1_1 | C4: IVS | D4: 7.168242 | E4: 17.043115 | F4: 7.168242 | G4: 17.043115 | H4: 7.168242 | I4: 17.043115 | J4: 7.168242 | K4: 17.043115
A5: FastPulse1 | B5: Test1_1 | C5: IVS | D5: 27.466667 | E5: 33.934921 | F5: 27.466667 | G5: 33.934921 | H5: 27.466667 | I5: 33.934921 | J5: 27.466667 | K5: 33.934921
A6: Fill1 | B6: Test1_1 | C6: IVS | D6: 5.6011645 | E6: 35.154414 | F6: 5.6011645 | G6: 35.154414 | H6: 5.6011645 | I6: 35.154414 | J6: 5.6011645 | K6: 35.154414
A7: Grain1 | B7: Test1_1 | C7: IVS | D7: 1.8621379 | E7: 47.138258 | F7: 1.8621379 | G7: 47.138258 | H7: 1.8621379 | I7: 47.138258 | J7: 1.8621379 | K7: 47.138258
A8: Sweep1 | B8: Test1_1 | C8: IVS | D8: 4.1980198 | E8: 29.936239 | F8: 4.1980198 | G8: 29.936239 | H8: 4.1980198 | I8: 29.936239 | J8: 4.1980198 | K8: 29.936239
A9: Tick1 | B9: Test1_1 | C9: IVS | D9: 195 | E9: 28.797349 | F9: 195 | G9: 28.797349 | H9: 195 | I9: 28.797349 | J9: 195 | K9: 28.797349
A10: ACTK-vib-pantheongrandstarfall | B10: Test1_2 | C10: WAV | D10: 6.2337291 | E10: 26.190354 | F10: 9.3431658 | G10: 36.031695 | H10: 14.158736 | I10: 43.017792 | J10: 47.000375 | K10: 53.021656
A11: heartbeats | B11: Test1_2 | C11: AHAP | D11: 1.3829949 | E11: 30.597262 | F11: 1.3829949 | G11: 30.597262 | H11: 1.3829949 | I11: 30.597262 | J11: 1.3829949 | K11: 30.597262
A12: inflate | B12: Test1_2 | C12: AHAP | D12: 1.2197101 | E12: 20.825967 | F12: 1.2197101 | G12: 20.825967 | H12: 1.2197101 | I12: 20.825967 | J12: 1.2197101 | K12: 20.825967
A13: oscillate | B13: Test1_2 | C13: AHAP | D13: 0.9414876 | E13: 19.882053 | F13: 0.9414876 | G13: 19.882053 | H13: 0.9414876 | I13: 19.882053 | J13: 0.9414876 | K13: 19.882053
... A31: Rollercoaster | B31: Test1_3 | C31: WAV | D31: 2.6970667 | E31: 40.344786 | F31: 3.5056 | G31: 52.473937 | H31: 5.4496 | I31: 52.889075 | J31: 14.646933 | K31: 53.014551

Sheet RM2 streaming + CEs + bug fixes
A1: File | B1: Test set | C1: Type | D1: 2kbps bitrate | E1: 2kbps psnr | F1: 8kbps bitrate | G1: 8kbps psnr | H1: 16kbps bitrate | I1: 16kbps psnr | J1: 64kbps bitrate | K1: 64kbps psnr
A2: boing | B2: Test1_1 | C2: AHAP | D2: 7.2275862 | E2: 20.342129 | F2: 7.2275862 | G2: 20.342129 | H2: 7.2275862 | I2: 20.342129 | J2: 7.2275862 | K2: 20.342129
A3: DoubleTick | B3: Test1_1 | C3: IVS | D3: 4.4304933 | E3: 36.982311 | F3: 4.4304933 | G3: 36.982311 | H3: 4.4304933 | I3: 36.982311 | J3: 4.4304933 | K3: 36.982311
A4: Explosion1 | B4: Test1_1 | C4: IVS | D4: 7.168242 | E4: 17.043115 | F4: 7.168242 | G4: 17.043115 | H4: 7.168242 | I4: 17.043115 | J4: 7.168242 | K4: 17.043115
A5: FastPulse1 | B5: Test1_1 | C5: IVS | D5: 27.466667 | E5: 33.934921 | F5: 27.466667 | G5: 33.934921 | H5: 27.466667 | I5: 33.934921 | J5: 27.466667 | K5: 33.934921
A6: Fill1 | B6: Test1_1 | C6: IVS | D6: 5.6011645 | E6: 35.154414 | F6: 5.6011645 | G6: 35.154414 | H6: 5.6011645 | I6: 35.154414 | J6: 5.6011645 | K6: 35.154414
A7: Grain1 | B7: Test1_1 | C7: IVS | D7: 1.8621379 | E7: 47.138258 | F7: 1.8621379 | G7: 47.138258 | H7: 1.8621379 | I7: 47.138258 | J7: 1.8621379 | K7: 47.138258
A8: Sweep1 | B8: Test1_1 | C8: IVS | D8: 4.1980198 | E8: 29.936239 | F8: 4.1980198 | G8: 29.936239 | H8: 4.1980198 | I8: 29.936239 | J8: 4.1980198 | K8: 29.936239
A9: Tick1 | B9: Test1_1 | C9: IVS | D9: 195 | E9: 28.797349 | F9: 195 | G9: 28.797349 | H9: 195 | I9: 28.797349 | J9: 195 | K9: 28.797349
A10: ACTK-vib-pantheongrandstarfall | B10: Test1_2 | C10: WAV | D10: 6.2337291 | E10: 26.190354 | F10: 9.3431658 | G10: 36.031695 | H10: 14.158736 | I10: 43.017792 | J10: 47.000375 | K10: 53.021656
A11: heartbeats | B11: Test1_2 | C11: AHAP | D11: 1.3829949 | E11: 30.597262 | F11: 1.3829949 | G11: 30.597262 | H11: 1.3829949 | I11: 30.597262 | J11: 1.3829949 | K11: 30.597262
A12: inflate | B12: Test1_2 | C12: AHAP | D12: 1.2197101 | E12: 20.825967 | F12: 1.2197101 | G12: 20.825967 | H12: 1.2197101 | I12: 20.825967 | J12: 1.2197101 | K12: 20.825967
A13: oscillate | B13: Test1_2 | C13: AHAP | D13: 0.9414876 | E13: 19.882053 | F13: 0.9414876 | G13: 19.882053 | H13: 0.9414876 | I13: 19.882053 | J13: 0.9414876 | K13: 19.882053
... A31: Rollercoaster | B31: Test1_3 | C31: WAV | D31: 2.6970667 | E31: 40.344786 | F31: 3.5056 | G31: 52.473937 | H31: 5.4496 | I31: 52.889075 | J31: 14.646933 | K31: 53.014551

Sheet Diff Streaming
A1: File | B1: Test set | C1: Type | D1: 2kbps bitrate | E1: 2kbps psnr | F1: 8kbps bitrate | G1: 8kbps psnr | H1: 16kbps bitrate | I1: 16kbps psnr | J1: 64kbps bitrate | K1: 64kbps psnr
A2: boing | B2: Test1_1 | C2: AHAP | D2: ='RM2 streaming + CEs + bug fixes'!D2-'CE Streaming'!D2 -> 0 | E2: ='RM2 streaming + CEs + bug fixes'!E2-'CE Streaming'!E2 -> 0 | F2: ='RM2 streaming + CEs + bug fixes'!F2-'CE Streaming'!F2 -> 0 | G2: ='RM2 streaming + CEs + bug fixes'!G2-'CE Streaming'!G2 -> 0 | H2: ='RM2 streaming + CEs + bug fixes'!H2-'CE Streaming'!H2 -> 0 | I2: ='RM2 streaming + CEs + bug fixes'!I2-'CE Streaming'!I2 -> 0 | J2: ='RM2 streaming + CEs + bug fixes'!J2-'CE Streaming'!J2 -> 0 | K2: ='RM2 streaming + CEs + bug fixes'!K2-'CE Streaming'!K2 -> 0
A3: DoubleTick | B3: Test1_1 | C3: IVS | D3: ='RM2 streaming + CEs + bug fixes'!D3-'CE Streaming'!D3 -> 0 | E3: ='RM2 streaming + CEs + bug fixes'!E3-'CE Streaming'!E3 -> 0 | F3: ='RM2 streaming + CEs + bug fixes'!F3-'CE Streaming'!F3 -> 0 | G3: ='RM2 streaming + CEs + bug fixes'!G3-'CE Streaming'!G3 -> 0 | H3: ='RM2 streaming + CEs + bug fixes'!H3-'CE Streaming'!H3 -> 0 | I3: ='RM2 streaming + CEs + bug fixes'!I3-'CE Streaming'!I3 -> 0 | J3: ='RM2 streaming + CEs + bug fixes'!J3-'CE Streaming'!J3 -> 0 | K3: ='RM2 streaming + CEs + bug fixes'!K3-'CE Streaming'!K3 -> 0
A4: Explosion1 | B4: Test1_1 | C4: IVS | D4: ='RM2 streaming + CEs + bug fixes'!D4-'CE Streaming'!D4 -> 0 | E4: ='RM2 streaming + CEs + bug fixes'!E4-'CE Streaming'!E4 -> 0 | F4: ='RM2 streaming + CEs + bug fixes'!F4-'CE Streaming'!F4 -> 0 | G4: ='RM2 streaming + CEs + bug fixes'!G4-'CE Streaming'!G4 -> 0 | H4: ='RM2 streaming + CEs + bug fixes'!H4-'CE Streaming'!H4 -> 0 | I4: ='RM2 streaming + CEs + bug fixes'!I4-'CE Streaming'!I4 -> 0 | J4: ='RM2 streaming + CEs + bug fixes'!J4-'CE Streaming'!J4 -> 0 | K4: ='RM2 streaming + CEs + bug fixes'!K4-'CE Streaming'!K4 -> 0
A5: FastPulse1 | B5: Test1_1 | C5: IVS | D5: ='RM2 streaming + CEs + bug fixes'!D5-'CE Streaming'!D5 -> 0 | E5: ='RM2 streaming + CEs + bug fixes'!E5-'CE Streaming'!E5 -> 0 | F5: ='RM2 streaming + CEs + bug fixes'!F5-'CE Streaming'!F5 -> 0 | G5: ='RM2 streaming + CEs + bug fixes'!G5-'CE Streaming'!G5 -> 0 | H5: ='RM2 streaming + CEs + bug fixes'!H5-'CE Streaming'!H5 -> 0 | I5: ='RM2 streaming + CEs + bug fixes'!I5-'CE Streaming'!I5 -> 0 | J5: ='RM2 streaming + CEs + bug fixes'!J5-'CE Streaming'!J5 -> 0 | K5: ='RM2 streaming + CEs + bug fixes'!K5-'CE Streaming'!K5 -> 0
A6: Fill1 | B6: Test1_1 | C6: IVS | D6: ='RM2 streaming + CEs + bug fixes'!D6-'CE Streaming'!D6 -> 0 | E6: ='RM2 streaming + CEs + bug fixes'!E6-'CE Streaming'!E6 -> 0 | F6: ='RM2 streaming + CEs + bug fixes'!F6-'CE Streaming'!F6 -> 0 | G6: ='RM2 streaming + CEs + bug fixes'!G6-'CE Streaming'!G6 -> 0 | H6: ='RM2 streaming + CEs + bug fixes'!H6-'CE Streaming'!H6 -> 0 | I6: ='RM2 streaming + CEs + bug fixes'!I6-'CE Streaming'!I6 -> 0 | J6: ='RM2 streaming + CEs + bug fixes'!J6-'CE Streaming'!J6 -> 0 | K6: ='RM2 streaming + CEs + bug fixes'!K6-'CE Streaming'!K6 -> 0
A7: Grain1 | B7: Test1_1 | C7: IVS | D7: ='RM2 streaming + CEs + bug fixes'!D7-'CE Streaming'!D7 -> 0 | E7: ='RM2 streaming + CEs + bug fixes'!E7-'CE Streaming'!E7 -> 0 | F7: ='RM2 streaming + CEs + bug fixes'!F7-'CE Streaming'!F7 -> 0 | G7: ='RM2 streaming + CEs + bug fixes'!G7-'CE Streaming'!G7 -> 0 | H7: ='RM2 streaming + CEs + bug fixes'!H7-'CE Streaming'!H7 -> 0 | I7: ='RM2 streaming + CEs + bug fixes'!I7-'CE Streaming'!I7 -> 0 | J7: ='RM2 streaming + CEs + bug fixes'!J7-'CE Streaming'!J7 -> 0 | K7: ='RM2 streaming + CEs + bug fixes'!K7-'CE Streaming'!K7 -> 0
A8: Sweep1 | B8: Test1_1 | C8: IVS | D8: ='RM2 streaming + CEs + bug fixes'!D8-'CE Streaming'!D8 -> 0 | E8: ='RM2 streaming + CEs + bug fixes'!E8-'CE Streaming'!E8 -> 0 | F8: ='RM2 streaming + CEs + bug fixes'!F8-'CE Streaming'!F8 -> 0 | G8: ='RM2 streaming + CEs + bug fixes'!G8-'CE Streaming'!G8 -> 0 | H8: ='RM2 streaming + CEs + bug fixes'!H8-'CE Streaming'!H8 -> 0 | I8: ='RM2 streaming + CEs + bug fixes'!I8-'CE Streaming'!I8 -> 0 | J8: ='RM2 streaming + CEs + bug fixes'!J8-'CE Streaming'!J8 -> 0 | K8: ='RM2 streaming + CEs + bug fixes'!K8-'CE Streaming'!K8 -> 0
A9: Tick1 | B9: Test1_1 | C9: IVS | D9: ='RM2 streaming + CEs + bug fixes'!D9-'CE Streaming'!D9 -> 0 | E9: ='RM2 streaming + CEs + bug fixes'!E9-'CE Streaming'!E9 -> 0 | F9: ='RM2 streaming + CEs + bug fixes'!F9-'CE Streaming'!F9 -> 0 | G9: ='RM2 streaming + CEs + bug fixes'!G9-'CE Streaming'!G9 -> 0 | H9: ='RM2 streaming + CEs + bug fixes'!H9-'CE Streaming'!H9 -> 0 | I9: ='RM2 streaming + CEs + bug fixes'!I9-'CE Streaming'!I9 -> 0 | J9: ='RM2 streaming + CEs + bug fixes'!J9-'CE Streaming'!J9 -> 0 | K9: ='RM2 streaming + CEs + bug fixes'!K9-'CE Streaming'!K9 -> 0
A10: ACTK-vib-pantheongrandstarfall | B10: Test1_2 | C10: WAV | D10: ='RM2 streaming + CEs + bug fixes'!D10-'CE Streaming'!D10 -> 0 | E10: ='RM2 streaming + CEs + bug fixes'!E10-'CE Streaming'!E10 -> 0 | F10: ='RM2 streaming + CEs + bug fixes'!F10-'CE Streaming'!F10 -> 0 | G10: ='RM2 streaming + CEs + bug fixes'!G10-'CE Streaming'!G10 -> 0 | H10: ='RM2 streaming + CEs + bug fixes'!H10-'CE Streaming'!H10 -> 0 | I10: ='RM2 streaming + CEs + bug fixes'!I10-'CE Streaming'!I10 -> 0 | J10: ='RM2 streaming + CEs + bug fixes'!J10-'CE Streaming'!J10 -> 0 | K10: ='RM2 streaming + CEs + bug fixes'!K10-'CE Streaming'!K10 -> 0
A11: heartbeats | B11: Test1_2 | C11: AHAP | D11: ='RM2 streaming + CEs + bug fixes'!D11-'CE Streaming'!D11 -> 0 | E11: ='RM2 streaming + CEs + bug fixes'!E11-'CE Streaming'!E11 -> 0 | F11: ='RM2 streaming + CEs + bug fixes'!F11-'CE Streaming'!F11 -> 0 | G11: ='RM2 streaming + CEs + bug fixes'!G11-'CE Streaming'!G11 -> 0 | H11: ='RM2 streaming + CEs + bug fixes'!H11-'CE Streaming'!H11 -> 0 | I11: ='RM2 streaming + CEs + bug fixes'!I11-'CE Streaming'!I11 -> 0 | J11: ='RM2 streaming + CEs + bug fixes'!J11-'CE Streaming'!J11 -> 0 | K11: ='RM2 streaming + CEs + bug fixes'!K11-'CE Streaming'!K11 -> 0
A12: inflate | B12: Test1_2 | C12: AHAP | D12: ='RM2 streaming + CEs + bug fixes'!D12-'CE Streaming'!D12 -> 0 | E12: ='RM2 streaming + CEs + bug fixes'!E12-'CE Streaming'!E12 -> 0 | F12: ='RM2 streaming + CEs + bug fixes'!F12-'CE Streaming'!F12 -> 0 | G12: ='RM2 streaming + CEs + bug fixes'!G12-'CE Streaming'!G12 -> 0 | H12: ='RM2 streaming + CEs + bug fixes'!H12-'CE Streaming'!H12 -> 0 | I12: ='RM2 streaming + CEs + bug fixes'!I12-'CE Streaming'!I12 -> 0 | J12: ='RM2 streaming + CEs + bug fixes'!J12-'CE Streaming'!J12 -> 0 | K12: ='RM2 streaming + CEs + bug fixes'!K12-'CE Streaming'!K12 -> 0
A13: oscillate | B13: Test1_2 | C13: AHAP | D13: ='RM2 streaming + CEs + bug fixes'!D13-'CE Streaming'!D13 -> 0 | E13: ='RM2 streaming + CEs + bug fixes'!E13-'CE Streaming'!E13 -> 0 | F13: ='RM2 streaming + CEs + bug fixes'!F13-'CE Streaming'!F13 -> 0 | G13: ='RM2 streaming + CEs + bug fixes'!G13-'CE Streaming'!G13 -> 0 | H13: ='RM2 streaming + CEs + bug fixes'!H13-'CE Streaming'!H13 -> 0 | I13: ='RM2 streaming + CEs + bug fixes'!I13-'CE Streaming'!I13 -> 0 | J13: ='RM2 streaming + CEs + bug fixes'!J13-'CE Streaming'!J13 -> 0 | K13: ='RM2 streaming + CEs + bug fixes'!K13-'CE Streaming'!K13 -> 0
... A31: Rollercoaster | B31: Test1_3 | C31: WAV | D31: ='RM2 streaming + CEs + bug fixes'!D31-'CE Streaming'!D31 -> 0 | E31: ='RM2 streaming + CEs + bug fixes'!E31-'CE Streaming'!E31 -> 0 | F31: ='RM2 streaming + CEs + bug fixes'!F31-'CE Streaming'!F31 -> 0 | G31: ='RM2 streaming + CEs + bug fixes'!G31-'CE Streaming'!G31 -> 0 | H31: ='RM2 streaming + CEs + bug fixes'!H31-'CE Streaming'!H31 -> 0 | I31: ='RM2 streaming + CEs + bug fixes'!I31-'CE Streaming'!I31 -> 0 | J31: ='RM2 streaming + CEs + bug fixes'!J31-'CE Streaming'!J31 -> 0 | K31: ='RM2 streaming + CEs + bug fixes'!K31-'CE Streaming'!K31 -> 0
